year,playerId,playerName,type,rank,playerFullName,playerFirstName,playerLastName,playerUseName,playerInitLastName,teamId,teamAbbrev,teamName,teamShortName,leagueName,leagueId,positionAbbrev,position,primaryPositionAbbrev,age,plateAppearances,totalBases,leftOnBase,sacBunts,sacFlies,babip,extraBaseHits,hitByPitch,gidp,gidpOpp,numberOfPitches,pitchesPerPlateAppearance,walksPerPlateAppearance,strikeoutsPerPlateAppearance,homeRunsPerPlateAppearance,walksPerStrikeout,iso,reachedOnError,walkOffs,flyOuts,totalSwings,swingAndMisses,ballsInPlay,popOuts,lineOuts,groundOuts,flyHits,popHits,lineHits,groundHits,gamesPlayed,airOuts,runs,doubles,triples,homeRuns,strikeOuts,baseOnBalls,intentionalWalks,hits,avg,atBats,obp,slg,ops,caughtStealing,stolenBases,stolenBasePercentage,caughtStealingPercentage,groundIntoDoublePlay,rbi,groundOutsToAirouts,catchersInterference,atBatsPerHomeRun,reqested_season,requested_league_id,requested_league,requested_level
2022,656484,Tristan Gray,player,1,Tristan Gray,Tristan,Gray,Tristan,T Gray,234,DUR,Durham Bulls,Bulls,INT,117,SS,Shortstop,SS,26,500,223,207,0,4,.259,54,8,5,58,1931,3.862,.060,.318,.066,.189,.262,5,1,67,1044,397,303,34,18,81,40,1,40,22,124,119,72,21,0,33,159,30,0,103,.225,458,.282,.487,.769,2,4,.667,.333,5,89,0.68,0,13.88,2022,117,International League,Triple-A
2022,623507,Josh Lester,player,2,Josh Lester,Joshua,Lester,Josh,J Lester,512,TOL,Toledo Mud Hens,Mud Hens,INT,117,1B,First Base,1B,27,621,267,256,0,7,.271,70,5,10,87,2361,3.802,.082,.221,.047,.372,.233,3,3,95,1238,375,427,35,22,138,50,0,59,28,145,152,84,39,2,29,137,51,3,137,.246,557,.311,.479,.790,3,7,.700,.300,10,99,0.91,1,19.21,2022,117,International League,Triple-A
2022,669742,Darick Hall,player,3,Darick Hall,Darick,Hall,Darick,D Hall,1410,LHV,Lehigh Valley IronPigs,IronPigs,INT,117,1B,First Base,1B,26,443,208,207,0,3,.268,52,4,14,78,1631,3.682,.095,.226,.063,.420,.274,2,1,54,821,234,297,24,8,111,39,0,39,22,101,86,59,24,0,28,100,42,4,100,.254,394,.330,.528,.858,1,6,.857,.143,14,88,1.29,0,14.07,2022,117,International League,Triple-A
2022,676551,Brewer Hicklen,player,3,Brewer Hicklen,Charles,Hicklen,Brewer,B Hicklen,541,OMA,Omaha Storm Chasers,Storm Chasers,INT,117,RF,Outfielder,RF,26,559,241,247,1,3,.360,62,17,7,57,2187,3.912,.104,.361,.050,.287,.254,2,1,59,969,378,282,26,8,70,39,0,44,36,130,93,85,30,4,28,202,58,1,119,.248,480,.348,.502,.850,2,35,.946,.054,7,85,0.75,0,17.14,2022,117,International League,Triple-A
2022,594953,Daniel Palka,player,5,Daniel Palka,Daniel,Palka,Daniel,D Palka,552,SYR,Syracuse Mets,Mets,INT,117,1B,First Base,LF,30,445,200,183,0,1,.294,44,1,8,60,1694,3.807,.108,.236,.058,.457,.243,4,0,49,804,228,291,26,3,109,31,0,40,33,109,78,68,18,0,26,105,48,1,104,.263,395,.344,.506,.850,2,0,.000,1.000,8,79,1.40,0,15.19,2022,117,International League,Triple-A
2022,592622,Mark Payton,player,6,Mark Payton,Mark,Payton,Mark,M Payton,494,CLT,Charlotte Knights,Knights,INT,117,CF,Outfielder,OF,30,539,254,153,2,6,.301,61,6,7,79,2051,3.805,.100,.141,.046,.711,.246,4,1,84,985,194,403,31,21,129,38,0,67,33,119,136,85,31,5,25,76,54,1,138,.293,471,.369,.539,.908,6,15,.714,.286,7,95,0.95,0,18.84,2022,117,International League,Triple-A
2022,572138,Jon Singleton,player,7,Jon Singleton,Jonathan,Singleton,Jon,J Singleton,556,NAS,Nashville Sounds,Sounds,INT,117,1B,First Base,1B,30,581,198,255,0,7,.273,48,1,5,64,2534,4.361,.201,.277,.041,.727,.215,2,0,71,1016,301,302,33,22,76,20,0,61,19,134,126,84,22,2,24,161,117,1,100,.219,456,.375,.434,.809,1,3,.750,.250,5,87,0.60,0,19.00,2022,117,International League,Triple-A
2022,668901,Mark Vientos,player,7,Mark Vientos,Mark,Vientos,Mark,M Vientos,552,SYR,Syracuse Mets,Mets,INT,117,3B,Third Base,1B,22,427,196,164,0,2,.350,41,3,15,62,1690,3.958,.103,.286,.056,.361,.238,7,0,41,804,265,258,9,3,99,37,0,39,30,101,53,66,16,1,24,122,44,2,106,.280,378,.358,.519,.877,2,0,.000,1.000,15,72,1.87,0,15.75,2022,117,International League,Triple-A
2022,663609,Luken Baker,player,9,Luken Baker,Luken,Baker,Luken,L Baker,235,MEM,Memphis Redbirds,Redbirds,INT,117,1B,First Base,1B,25,513,183,227,0,7,.265,35,5,10,61,1966,3.832,.072,.251,.041,.287,.166,2,0,73,986,293,342,36,24,103,21,5,58,22,124,133,52,14,0,21,129,37,0,106,.228,464,.288,.394,.682,0,0,.---,.---,10,66,0.77,0,22.10,2022,117,International League,Triple-A
2022,656024,Carlos Pérez,player,9,Carlos Pérez,Carlos,Pérez,Carlos,C Pérez,494,CLT,Charlotte Knights,Knights,INT,117,C,Catcher,C,25,465,188,186,0,6,.234,39,7,15,78,1655,3.559,.073,.086,.045,.850,.196,4,2,84,788,117,384,49,21,124,27,1,48,30,109,154,53,17,1,21,40,34,0,106,.254,418,.316,.450,.766,2,2,.500,.500,15,76,0.81,0,19.90,2022,117,International League,Triple-A
2022,676475,Alec Burleson,player,11,Alec Burleson,Alec,Burleson,Alec,A Burleson,235,MEM,Memphis Redbirds,Redbirds,INT,117,LF,Outfielder,1B,23,470,230,171,0,6,.350,46,3,13,77,1640,3.489,.062,.143,.043,.433,.201,2,1,64,957,202,371,17,26,121,32,1,70,40,109,107,68,25,1,20,67,29,0,143,.331,432,.372,.532,.904,0,4,1.000,.000,13,87,1.13,0,21.60,2022,117,International League,Triple-A
2022,608841,Joey Meneses,player,11,Joey Meneses,Joey,Meneses,Joey,J Meneses,534,ROC,Rochester Red Wings,Red Wings,INT,117,1B,First Base,1B,30,414,183,154,0,6,.321,35,2,17,64,1566,3.783,.077,.215,.048,.360,.203,2,1,60,766,195,291,9,18,97,34,0,49,24,96,87,51,14,1,20,89,32,2,107,.286,374,.341,.489,.830,0,1,1.000,.000,17,64,1.11,0,18.70,2022,117,International League,Triple-A
2022,643271,Narciso Crook,player,13,Narciso Crook,Narciso,Crook,Narciso,N Crook,451,IOW,Iowa Cubs,Cubs,INT,117,RF,Outfielder,OF,26,409,178,176,0,0,.342,43,11,5,51,1587,3.880,.088,.303,.046,.290,.232,5,1,36,776,298,238,13,12,83,23,1,44,26,101,61,61,21,3,19,124,36,0,94,.260,362,.345,.492,.837,6,13,.684,.316,5,67,1.36,0,19.05,2022,117,International League,Triple-A
2022,676733,Mason Martin,player,13,Mason Martin,Mason,Martin,Mason,M Martin,484,IND,Indianapolis Indians,Indians,INT,117,1B,First Base,1B,23,541,197,259,0,6,.299,53,2,6,58,2217,4.098,.096,.359,.035,.268,.200,4,2,61,1025,422,293,21,12,98,36,0,38,27,134,94,62,29,5,19,194,52,3,101,.210,481,.287,.410,.697,3,12,.800,.200,6,74,1.04,0,25.32,2022,117,International League,Triple-A
2022,672724,Oswald Peraza,player,13,Oswald Peraza,Oswald,Peraza,Oswald,O Peraza,531,SWB,Scranton/Wilkes-Barre RailRiders,RailRiders,INT,117,SS,Shortstop,2B,22,429,173,151,1,1,.302,35,7,2,57,1552,3.618,.079,.233,.044,.340,.189,7,1,60,791,231,288,30,18,80,26,2,36,36,99,108,57,16,0,19,100,34,0,100,.259,386,.329,.448,.777,5,33,.868,.132,2,50,0.74,0,20.32,2022,117,International League,Triple-A
2022,621514,Christin Stewart,player,13,Christin Stewart,Christin,Stewart,Christin,C Stewart,533,WOR,Worcester Red Sox,Red Sox,INT,117,LF,Outfielder,LF,28,409,152,162,0,2,.319,34,8,3,34,1774,4.337,.149,.318,.046,.469,.213,2,0,51,780,273,210,22,17,40,26,3,35,16,103,90,55,15,0,19,130,61,0,80,.237,338,.364,.450,.814,2,9,.818,.182,3,55,0.44,0,17.79,2022,117,International League,Triple-A
2022,669065,Kyle Stowers,player,13,Kyle Stowers,Kyle,Stowers,Kyle,K Stowers,568,NOR,Norfolk Tides,Tides,INT,117,CF,Outfielder,1B,24,407,184,169,1,4,.317,51,8,6,61,1593,3.914,.111,.256,.047,.433,.264,3,1,50,793,243,250,13,10,85,29,0,52,11,95,73,54,29,3,19,104,45,1,92,.264,349,.357,.527,.884,2,3,.600,.400,6,78,1.16,0,18.37,2022,117,International League,Triple-A
2022,666018,Jonathan Aranda,player,18,Jonathan Aranda,Jonathan,Aranda,Jonathan,J Aranda,234,DUR,Durham Bulls,Bulls,INT,117,1B,First Base,1B,24,465,210,176,0,7,.377,45,10,10,72,1877,4.037,.097,.215,.039,.450,.203,5,1,50,777,153,310,14,17,101,30,1,61,36,104,81,71,26,1,18,100,45,0,128,.318,403,.394,.521,.915,0,4,1.000,.000,10,85,1.25,0,22.39,2022,117,International League,Triple-A
2022,670113,Jim Haley,player,18,Jim Haley,James,Haley,Jim,J Haley,234,DUR,Durham Bulls,Bulls,INT,117,1B,First Base,3B,27,420,164,179,1,3,.292,37,7,11,54,1512,3.600,.083,.298,.043,.280,.209,5,0,49,804,261,252,14,12,91,24,1,37,24,112,75,61,14,5,18,125,35,0,86,.231,373,.306,.440,.746,2,16,.889,.111,11,47,1.21,1,20.72,2022,117,International League,Triple-A
2022,676059,Jordan Westburg,player,18,Jordan Westburg,Jordan,Westburg,Jordan,J Westburg,568,NOR,Norfolk Tides,Tides,INT,117,SS,Shortstop,3B,23,413,184,163,0,1,.318,46,6,7,64,1605,3.886,.107,.218,.044,.489,.235,5,0,64,708,198,273,21,11,78,20,0,41,38,91,96,64,25,3,18,90,44,0,99,.273,362,.361,.508,.869,3,9,.750,.250,7,74,0.81,0,20.11,2022,117,International League,Triple-A
2022,681807,David Fry,player,21,David Fry,David,Fry,David,D Fry,445,COL,Columbus Clippers,Clippers,INT,117,3B,Third Base,RF,26,479,190,199,2,6,.285,46,10,13,68,1724,3.599,.081,.192,.035,.424,.194,6,2,64,877,224,338,37,15,114,27,0,48,33,119,116,64,27,2,17,92,39,0,108,.256,422,.329,.450,.779,0,2,1.000,.000,13,74,0.98,0,24.82,2022,117,International League,Triple-A
2022,660613,Ronaldo Hernández,player,21,Ronaldo Hernández,Ronaldo,Hernández,Ronaldo,R Hernández,533,WOR,Worcester Red Sox,Red Sox,INT,117,C,Catcher,C,24,439,185,180,0,4,.295,44,2,11,63,1543,3.515,.048,.210,.039,.228,.190,8,0,52,900,275,322,27,21,115,27,0,49,31,105,100,50,27,0,17,92,21,0,107,.261,410,.297,.451,.748,3,0,.000,1.000,11,63,1.15,2,24.12,2022,117,International League,Triple-A
2022,676724,Jared Young,player,21,Jared Young,Jared,Young,Jared,J Young,451,IOW,Iowa Cubs,Cubs,INT,117,1B,First Base,1B,26,455,168,186,2,4,.271,40,9,6,62,1663,3.655,.088,.242,.037,.364,.190,3,1,56,811,232,296,17,22,109,24,0,46,22,109,95,61,21,2,17,110,40,2,92,.230,400,.311,.420,.731,2,3,.600,.400,6,59,1.15,0,23.53,2022,117,International League,Triple-A
2022,680837,Ryan Fitzgerald,player,24,Ryan Fitzgerald,Ryan,Fitzgerald,Ryan,R Fitzgerald,533,WOR,Worcester Red Sox,Red Sox,INT,117,3B,Third Base,3B,28,520,181,203,1,8,.269,46,10,7,75,2005,3.856,.094,.260,.031,.363,.181,2,1,70,967,295,326,38,19,100,25,1,53,20,127,127,55,26,4,16,135,49,0,99,.219,452,.304,.400,.704,5,6,.545,.455,7,72,0.79,0,28.25,2022,117,International League,Triple-A
2022,670156,Miles Mastrobuoni,player,24,Miles Mastrobuoni,Miles,Mastrobuoni,Miles,M Mastrobuoni,234,DUR,Durham Bulls,Bulls,INT,117,2B,Second Base,3B,26,573,238,163,0,2,.342,51,1,8,73,2385,4.162,.110,.166,.028,.663,.170,3,0,90,897,160,414,12,27,133,26,2,80,44,129,129,92,32,3,16,95,63,0,152,.300,507,.377,.469,.846,3,23,.885,.115,8,64,1.03,0,31.69,2022,117,International League,Triple-A
2022,664057,Andrew Stevenson,player,24,Andrew Stevenson,Andrew,Stevenson,Andrew,A Stevenson,534,ROC,Rochester Red Wings,Red Wings,INT,117,CF,Outfielder,CF,28,604,249,188,0,3,.343,56,10,6,45,2254,3.732,.076,.225,.026,.338,.178,3,0,70,1112,294,412,17,30,143,34,2,66,50,135,117,81,31,9,16,136,46,3,152,.279,545,.344,.457,.801,7,39,.848,.152,6,67,1.22,0,34.06,2022,117,International League,Triple-A
2022,643603,Tyler White,player,24,Tyler White,Brian,White,Tyler,T White,431,GWN,Gwinnett Stripers,Stripers,INT,117,1B,First Base,1B,31,437,147,179,0,6,.255,31,4,3,50,1917,4.387,.160,.201,.037,.795,.182,3,0,73,769,168,275,23,26,71,21,3,40,18,103,122,48,13,2,16,88,70,0,82,.230,357,.357,.412,.769,1,5,.833,.167,3,58,0.58,0,22.31,2022,117,International League,Triple-A
2022,607430,John Andreoli,player,28,John Andreoli,John,Andreoli,John,J Andreoli,1960,STP,St. Paul Saints,Saints,INT,117,LF,Outfielder,RF,32,421,122,182,3,2,.270,28,1,6,45,1929,4.582,.185,.356,.036,.520,.178,3,0,39,683,222,192,20,13,58,16,0,35,11,110,72,60,11,2,15,150,78,0,62,.184,337,.337,.362,.699,3,19,.864,.136,6,43,0.81,0,22.47,2022,117,International League,Triple-A
2022,593528,Jorge Bonifacio,player,28,Jorge Bonifacio,Jorge,Bonifacio,Jorge,J Bonifacio,1410,LHV,Lehigh Valley IronPigs,IronPigs,INT,117,LF,Outfielder,RF,29,444,156,149,0,4,.312,33,10,2,46,1821,4.101,.106,.282,.034,.376,.167,5,1,77,934,272,262,35,13,45,31,2,34,25,112,125,44,17,1,15,125,47,0,92,.240,383,.336,.407,.743,2,8,.800,.200,2,57,0.36,0,25.53,2022,117,International League,Triple-A
2022,680814,Peyton Burdick,player,28,Peyton Burdick,Edmund,Burdick,Peyton,P Burdick,564,JAX,Jacksonville Jumbo Shrimp,Jumbo Shrimp,INT,117,CF,Outfielder,CF,25,430,149,187,0,3,.272,36,9,8,64,1649,3.835,.123,.279,.035,.442,.195,5,0,64,836,313,247,20,11,74,25,2,33,18,99,95,74,16,5,15,120,53,0,78,.214,364,.326,.409,.735,3,13,.813,.188,8,58,0.78,1,24.27,2022,117,International League,Triple-A
2022,676628,Mark Contreras,player,28,Mark Contreras,Mark,Contreras,Mark,M Contreras,1960,STP,St. Paul Saints,Saints,INT,117,CF,Outfielder,OF,27,423,157,201,0,2,.311,37,8,3,61,1573,3.719,.087,.296,.035,.296,.181,5,0,59,876,288,253,10,12,83,27,1,38,23,102,81,64,21,1,15,125,37,1,89,.237,376,.317,.418,.735,2,23,.920,.080,3,59,1.02,0,25.07,2022,117,International League,Triple-A
2022,664314,Estevan Florial,player,28,Estevan Florial,Estevan,Florial,Estevan,E Florial,531,SWB,Scranton/Wilkes-Barre RailRiders,RailRiders,INT,117,CF,Outfielder,LF,24,461,194,134,2,1,.398,48,1,0,31,1883,4.085,.117,.304,.033,.386,.199,4,0,42,834,296,266,25,9,76,29,0,46,39,101,76,66,31,2,15,140,54,3,114,.283,403,.368,.481,.849,10,39,.796,.204,0,46,1.00,0,26.87,2022,117,International League,Triple-A
2022,656514,Adam Haseley,player,28,Adam Haseley,Adam,Haseley,Adam,A Haseley,494,CLT,Charlotte Knights,Knights,INT,117,CF,Outfielder,CF,26,463,172,182,1,3,.259,38,9,6,63,1735,3.747,.069,.168,.032,.410,.172,6,0,67,822,174,344,25,18,134,21,0,37,42,110,110,59,19,4,15,78,32,0,100,.239,418,.305,.411,.716,3,18,.857,.143,6,63,1.22,0,27.87,2022,117,International League,Triple-A
2022,680438,Robert Neustrom,player,28,Robert Neustrom,Robert,Neustrom,Robert,R Neustrom,568,NOR,Norfolk Tides,Tides,INT,117,LF,Outfielder,OF,25,409,150,185,1,4,.243,34,7,7,60,1581,3.866,.071,.169,.037,.420,.177,2,1,73,729,168,304,41,12,93,15,0,40,30,101,126,41,18,1,15,69,29,0,85,.231,368,.297,.408,.705,2,14,.875,.125,7,61,0.74,0,24.53,2022,117,International League,Triple-A
2022,680118,Dairon Blanco,player,35,Dairon Blanco,Dairon,Blanco,Dairon,D Blanco,541,OMA,Omaha Storm Chasers,Storm Chasers,INT,117,CF,Outfielder,CF,29,414,178,163,2,5,.371,37,6,5,47,1518,3.667,.085,.237,.034,.357,.186,8,0,59,790,247,275,11,5,90,21,0,51,38,107,75,63,20,3,14,98,35,0,110,.301,366,.367,.486,.853,7,45,.865,.135,5,61,1.20,0,26.14,2022,117,International League,Triple-A
2022,663478,Brendon Davis,player,35,Brendon Davis,Brendon,Davis,Brendon,B Davis,512,TOL,Toledo Mud Hens,Mud Hens,INT,117,3B,Third Base,SS,24,430,150,170,0,1,.284,35,7,5,48,1742,4.051,.128,.242,.033,.529,.177,3,2,66,874,290,264,24,15,74,21,1,40,23,103,105,54,19,2,14,104,55,2,85,.232,367,.342,.409,.751,4,6,.600,.400,5,47,0.70,0,26.21,2022,117,International League,Triple-A
2022,680737,Michael Helman,player,35,Michael Helman,Michael,Helman,Michael,M Helman,1960,STP,St. Paul Saints,Saints,INT,117,2B,Second Base,CF,26,415,153,157,0,4,.281,32,3,3,44,1614,3.889,.096,.193,.034,.500,.166,6,0,66,779,182,292,30,15,89,23,1,41,27,96,111,67,17,1,14,80,40,0,92,.250,368,.325,.416,.741,5,30,.857,.143,3,40,0.80,0,26.29,2022,117,International League,Triple-A
2022,650339,Jermaine Palacios,player,35,Jermaine Palacios,Jermaine,Palacios,Jermaine,J Palacios,1960,STP,St. Paul Saints,Saints,INT,117,SS,Shortstop,SS,25,428,181,189,0,1,.350,42,1,11,64,1694,3.958,.079,.238,.033,.333,.179,4,2,55,843,250,291,7,11,107,21,1,47,42,102,73,70,28,0,14,102,34,0,111,.283,392,.341,.462,.803,9,12,.571,.429,11,60,1.47,0,28.00,2022,117,International League,Triple-A
2022,676625,Rylan Bannon,player,39,Rylan Bannon,Rylan,Bannon,Rylan,R Bannon,431,GWN,Gwinnett Stripers,Stripers,INT,117,3B,Third Base,3B,26,411,144,178,0,3,.310,32,7,11,55,1762,4.287,.144,.243,.032,.590,.173,2,0,48,716,176,245,23,17,72,18,0,43,24,99,88,57,18,1,13,100,59,0,85,.249,342,.367,.421,.788,1,10,.909,.091,11,77,0.82,0,26.31,2022,117,International League,Triple-A
2022,666164,Blake Rutherford,player,39,Blake Rutherford,Blake,Rutherford,Blake,B Rutherford,494,CLT,Charlotte Knights,Knights,INT,117,LF,Outfielder,LF,25,467,188,199,0,2,.315,41,5,9,69,1569,3.360,.045,.195,.028,.231,.157,5,1,51,916,248,350,31,24,125,24,0,58,37,116,106,57,26,2,13,91,21,1,119,.271,439,.310,.428,.738,5,8,.615,.385,9,58,1.18,0,33.77,2022,117,International League,Triple-A
2022,668930,Brice Turang,player,39,Brice Turang,Brice,Turang,Brice,B Turang,556,NAS,Nashville Sounds,Sounds,INT,117,SS,Shortstop,2B,22,603,219,240,0,6,.342,39,0,11,85,2442,4.050,.108,.196,.022,.551,.126,4,1,88,1054,223,420,17,21,142,20,1,75,56,131,126,89,24,2,13,118,65,0,152,.286,532,.360,.412,.772,2,34,.944,.056,11,78,1.13,0,40.92,2022,117,International League,Triple-A
2022,669008,Ronnie Dawson,player,42,Ronnie Dawson,Ronnie,Dawson,Ronnie,R Dawson,416,LOU,Louisville Bats,Bats,INT,117,LF,Outfielder,LF,27,448,155,194,0,2,.324,34,11,7,54,1793,4.002,.094,.250,.025,.375,.142,2,0,56,928,253,283,15,12,101,20,0,46,33,116,83,58,23,0,11,112,42,1,99,.252,393,.339,.394,.733,3,11,.786,.214,7,43,1.22,0,35.73,2022,117,International League,Triple-A
2022,664770,Nathan Lukes,player,42,Nathan Lukes,Nathan,Lukes,Nathan,N Lukes,422,BUF,Buffalo Bisons,Bisons,INT,117,CF,Outfielder,RF,27,484,182,174,0,2,.336,37,7,15,78,1764,3.645,.097,.184,.023,.528,.140,2,1,59,892,174,341,9,30,121,15,0,62,45,111,98,62,25,1,11,89,47,3,122,.285,428,.364,.425,.789,3,20,.870,.130,15,61,1.23,0,38.91,2022,117,International League,Triple-A
2022,578570,Juniel Querecuto,player,42,Juniel Querecuto,Juniel,Querecuto,Juniel,J Querecuto,416,LOU,Louisville Bats,Bats,INT,117,SS,Shortstop,3B,29,432,166,173,0,3,.294,40,2,12,59,1746,4.042,.067,.185,.025,.363,.161,1,1,82,876,194,321,13,13,111,26,0,51,25,108,108,52,27,2,11,80,29,0,102,.256,398,.308,.417,.725,5,10,.667,.333,12,34,1.03,0,36.18,2022,117,International League,Triple-A
2022,622569,Pablo Reyes,player,42,Pablo Reyes,Pablo,Reyes,Pablo,P Reyes,556,NAS,Nashville Sounds,Sounds,INT,117,2B,Second Base,OF,28,432,169,184,1,1,.305,40,6,7,70,1753,4.058,.090,.155,.025,.582,.166,2,0,61,748,151,320,33,32,89,18,0,60,27,99,126,63,27,2,11,67,39,0,105,.273,385,.348,.439,.787,7,15,.682,.318,7,59,0.71,0,35.00,2022,117,International League,Triple-A
2022,670298,Kramer Robertson,player,42,Kramer Robertson,Kramer,Robertson,Kramer,K Robertson,235,MEM,Memphis Redbirds,Redbirds,INT,117,SS,Shortstop,2B,27,514,149,182,0,0,.294,28,20,11,61,2205,4.290,.163,.200,.021,.816,.124,4,1,44,789,194,307,20,15,130,15,0,46,37,116,79,81,16,1,11,103,84,0,98,.239,410,.393,.363,.756,8,30,.789,.211,11,47,1.65,0,37.27,2022,117,International League,Triple-A
2022,655996,Cristian Santana,player,42,Cristian Santana,Cristian,Santana,Cristian,C Santana,416,LOU,Louisville Bats,Bats,INT,117,3B,Third Base,3B,25,504,179,214,0,7,.331,33,5,14,74,2014,3.996,.069,.222,.022,.313,.120,4,1,72,973,294,352,16,22,118,20,1,53,50,121,110,49,22,0,11,112,35,0,124,.271,457,.325,.392,.717,4,1,.200,.800,14,67,1.07,0,41.54,2022,117,International League,Triple-A
2022,670097,Zack Short,player,42,Zack Short,Zachary,Short,Zack,Z Short,512,TOL,Toledo Mud Hens,Mud Hens,INT,117,SS,Shortstop,SS,27,559,171,183,1,6,.308,43,5,6,58,2374,4.247,.157,.267,.020,.591,.144,11,0,85,931,265,317,28,11,88,25,1,47,32,128,124,79,31,1,11,149,88,2,105,.229,459,.355,.373,.728,5,11,.688,.313,6,60,0.71,0,41.73,2022,117,International League,Triple-A
2022,664051,Mitchell Tolman,player,42,Mitchell Tolman,Mitchell,Tolman,Mitchell,M Tolman,445,COL,Columbus Clippers,Clippers,INT,117,2B,Second Base,2B,28,423,152,160,5,3,.298,38,7,5,54,1793,4.239,.116,.201,.026,.576,.173,3,1,48,789,195,281,15,17,111,22,0,45,23,112,80,57,25,2,11,85,49,1,90,.251,358,.350,.425,.775,2,6,.750,.250,5,49,1.39,1,32.54,2022,117,International League,Triple-A
2022,642197,Jamie Westbrook,player,42,Jamie Westbrook,Jamie,Westbrook,Jamie,J Westbrook,512,TOL,Toledo Mud Hens,Mud Hens,INT,117,DH,Designated Hitter,2B,27,511,164,204,0,4,.287,33,14,7,63,1931,3.779,.106,.157,.022,.675,.128,12,1,64,958,239,353,34,19,127,27,0,54,28,123,117,58,22,0,11,80,54,3,109,.254,429,.353,.382,.735,2,1,.333,.667,7,48,1.09,10,39.00,2022,117,International League,Triple-A
2022,642215,Weston Wilson,player,42,Weston Wilson,Weston,Wilson,Weston,W Wilson,556,NAS,Nashville Sounds,Sounds,INT,117,3B,Third Base,3B,27,462,149,234,0,4,.302,32,3,8,57,1878,4.065,.084,.284,.024,.298,.130,7,0,60,897,261,289,22,16,96,22,1,44,28,118,98,63,21,0,11,131,39,0,95,.228,416,.297,.358,.655,4,17,.810,.190,8,54,0.98,0,37.82,2022,117,International League,Triple-A
2022,663662,Daz Cameron,player,52,Daz Cameron,Dazmon,Cameron,Daz,D Cameron,512,TOL,Toledo Mud Hens,Mud Hens,INT,117,CF,Outfielder,RF,25,430,150,179,0,5,.322,36,5,5,53,1724,4.009,.086,.286,.023,.301,.151,3,2,69,793,215,265,21,13,70,20,0,44,28,98,103,56,24,2,10,123,37,0,92,.240,383,.312,.392,.704,4,19,.826,.174,5,50,0.68,0,38.30,2022,117,International League,Triple-A
2022,666137,Khalil Lee,player,52,Khalil Lee,Khalil,Lee,Khalil,K Lee,552,SYR,Syracuse Mets,Mets,INT,117,CF,Outfielder,CF,24,418,130,157,0,1,.314,35,14,4,40,1710,4.091,.112,.333,.024,.338,.155,4,0,42,779,263,217,12,11,77,16,0,33,26,100,65,48,25,0,10,139,47,0,75,.211,355,.326,.366,.692,3,14,.824,.176,4,37,1.18,1,35.50,2022,117,International League,Triple-A
2022,669738,Jake Noll,player,52,Jake Noll,Jacob,Noll,Jake,J Noll,534,ROC,Rochester Red Wings,Red Wings,INT,117,2B,Second Base,2B,28,423,162,177,0,3,.294,39,10,9,62,1491,3.525,.047,.182,.024,.260,.159,5,1,66,862,251,316,35,16,99,19,0,53,28,103,117,48,26,3,10,77,20,1,100,.256,390,.307,.415,.722,0,6,1.000,.000,9,53,0.85,0,39.00,2022,117,International League,Triple-A
2022,605486,Cory Spangenberg,player,52,Cory Spangenberg,Cory,Spangenberg,Cory,C Spangenberg,235,MEM,Memphis Redbirds,Redbirds,INT,117,3B,Third Base,2B,31,414,147,166,0,2,.335,32,3,4,50,1617,3.906,.065,.326,.024,.200,.149,3,0,41,824,268,249,12,15,91,19,1,43,27,106,68,53,17,5,10,135,27,0,90,.236,382,.290,.385,.675,3,14,.824,.176,4,42,1.34,0,38.20,2022,117,International League,Triple-A
2022,642162,Pat Valaika,player,52,Pat Valaika,Patrick,Valaika,Pat,P Valaika,431,GWN,Gwinnett Stripers,Stripers,INT,117,2B,Second Base,SS,29,466,155,198,0,6,.287,33,1,10,73,1721,3.693,.082,.206,.021,.396,.126,9,1,76,880,232,331,35,23,95,19,2,58,23,114,134,51,23,0,10,96,38,0,102,.242,421,.303,.368,.671,1,2,.667,.333,10,54,0.71,0,42.10,2022,117,International League,Triple-A
2022,686823,Will Brennan,player,57,Will Brennan,William,Brennan,Will,W Brennan,445,COL,Columbus Clippers,Clippers,INT,117,CF,Outfielder,LF,24,433,185,164,0,5,.342,40,2,7,72,1563,3.610,.076,.122,.021,.623,.155,5,0,66,788,147,345,18,21,116,20,0,60,44,93,105,53,28,3,9,53,33,0,124,.316,393,.367,.471,.838,1,15,.938,.063,7,68,1.10,0,43.67,2022,117,International League,Triple-A
2022,641512,Ben DeLuzio,player,57,Ben DeLuzio,Benjamin,DeLuzio,Ben,B DeLuzio,235,MEM,Memphis Redbirds,Redbirds,INT,117,CF,Outfielder,CF,27,408,156,148,0,1,.347,31,7,5,48,1567,3.841,.088,.223,.022,.396,.151,3,0,44,734,193,274,23,12,93,19,5,46,31,94,79,60,16,6,9,91,36,0,101,.277,364,.353,.429,.782,6,30,.833,.167,5,49,1.18,0,40.44,2022,117,International League,Triple-A
2022,687867,Clay Dungan,player,57,Clay Dungan,Anthony,Dungan,Clay,C Dungan,541,OMA,Omaha Storm Chasers,Storm Chasers,INT,117,2B,Second Base,2B,26,515,151,200,2,4,.245,35,10,7,76,1963,3.812,.091,.194,.017,.470,.126,6,0,97,858,175,358,30,17,120,26,1,38,29,127,144,64,22,4,9,100,47,0,94,.208,452,.294,.334,.628,2,17,.895,.105,7,52,0.83,0,50.22,2022,117,International League,Triple-A
2022,640460,Dustin Peterson,player,57,Dustin Peterson,Dustin,Peterson,Dustin,D Peterson,1410,LHV,Lehigh Valley IronPigs,IronPigs,INT,117,RF,Outfielder,LF,27,448,151,195,0,1,.303,34,3,15,48,1709,3.815,.098,.228,.020,.431,.135,5,0,59,760,198,299,20,14,108,24,0,36,37,105,93,50,23,2,9,102,44,2,97,.243,400,.321,.378,.699,2,6,.750,.250,15,47,1.16,0,44.44,2022,117,International League,Triple-A
2022,621545,Zach Remillard,player,57,Zach Remillard,Zachary,Remillard,Zach,Z Remillard,494,CLT,Charlotte Knights,Knights,INT,117,SS,Shortstop,2B,28,491,167,152,3,5,.354,30,8,6,57,1919,3.908,.116,.222,.018,.523,.120,3,1,62,889,222,317,20,20,98,16,0,62,39,131,102,83,19,2,9,109,57,0,117,.280,418,.373,.400,.773,7,19,.731,.269,6,52,0.96,0,46.44,2022,117,International League,Triple-A
2022,680552,Travis Swaggerty,player,57,Travis Swaggerty,Travis,Swaggerty,Travis,T Swaggerty,484,IND,Indianapolis Indians,Indians,INT,117,CF,Outfielder,OF,24,458,159,155,1,1,.337,32,1,1,57,1759,3.841,.124,.255,.020,.487,.146,3,1,44,816,258,283,16,16,106,26,0,37,38,107,76,55,15,8,9,117,57,0,101,.254,398,.348,.399,.747,5,20,.800,.200,1,55,1.39,0,44.22,2022,117,International League,Triple-A
2022,678225,Ji Hwan Bae,player,63,Ji Hwan Bae,Ji Hwan,Bae,Ji Hwan,J Bae,484,IND,Indianapolis Indians,Indians,INT,117,2B,Second Base,CF,22,473,180,179,1,3,.338,37,2,5,63,1804,3.814,.101,.169,.017,.600,.141,11,0,71,875,157,343,13,18,120,22,1,45,53,108,102,81,23,6,8,80,48,1,121,.289,419,.362,.430,.792,8,30,.789,.211,5,53,1.18,0,52.38,2022,117,International League,Triple-A
2022,624417,Bryson Brigman,player,63,Bryson Brigman,Bryson,Brigman,Bryson,B Brigman,564,JAX,Jacksonville Jumbo Shrimp,Jumbo Shrimp,INT,117,2B,Second Base,SS,27,413,141,182,1,3,.308,26,5,11,56,1532,3.709,.053,.220,.019,.242,.118,7,0,55,760,194,295,20,16,108,16,1,36,43,105,91,54,15,3,8,91,22,1,96,.251,382,.299,.369,.668,3,9,.750,.250,11,38,1.19,0,47.75,2022,117,International League,Triple-A
2022,675925,Cullen Large,player,65,Cullen Large,Cullen,Large,Cullen,C Large,422,BUF,Buffalo Bisons,Bisons,INT,117,RF,Outfielder,2B,26,468,150,220,0,2,.326,34,7,9,66,1869,3.994,.103,.271,.015,.378,.127,4,1,62,873,239,286,12,18,96,18,1,43,36,119,92,43,23,4,7,127,48,1,98,.238,411,.327,.365,.692,1,7,.875,.125,9,52,1.04,0,58.71,2022,117,International League,Triple-A
2022,675649,Brian Miller,player,65,Brian Miller,Brian,Miller,Brian,B Miller,564,JAX,Jacksonville Jumbo Shrimp,Jumbo Shrimp,INT,117,LF,Outfielder,OF,26,452,177,129,2,4,.341,35,1,2,45,1656,3.664,.082,.170,.015,.481,.142,6,0,62,808,177,337,22,16,118,29,1,49,40,108,100,67,19,9,7,77,37,0,119,.292,408,.349,.434,.783,6,26,.813,.188,2,45,1.18,0,58.29,2022,117,International League,Triple-A
2022,622668,Ivan Castillo,player,67,Ivan Castillo,Ivan,Castillo,Ivan,I Castillo,541,OMA,Omaha Storm Chasers,Storm Chasers,INT,117,SS,Shortstop,2B,27,447,136,171,3,4,.264,29,3,8,60,1627,3.640,.101,.119,.013,.849,.105,5,0,89,786,137,346,27,22,113,19,0,41,35,113,138,58,23,0,6,53,45,1,95,.242,392,.322,.347,.669,4,9,.692,.308,8,37,0.82,0,65.33,2022,117,International League,Triple-A
2022,661411,Lorenzo Cedrola,player,68,Lorenzo Cedrola,Lorenzo,Cedrola,Lorenzo,L Cedrola,416,LOU,Louisville Bats,Bats,INT,117,CF,Outfielder,CF,24,504,169,176,2,2,.316,29,12,7,75,1707,3.387,.026,.167,.008,.155,.088,3,0,86,985,210,395,31,20,131,16,1,58,52,124,137,64,20,5,4,84,13,0,127,.267,475,.303,.356,.659,6,15,.714,.286,7,41,0.96,0,118.75,2022,117,International League,Triple-A
2022,656734,Evan Mendoza,player,68,Evan Mendoza,Evan,Mendoza,Evan,E Mendoza,235,MEM,Memphis Redbirds,Redbirds,INT,117,SS,Shortstop,3B,26,421,117,176,1,3,.281,20,1,10,60,1674,3.976,.133,.133,.010,1.000,.078,4,0,80,758,129,308,21,24,94,10,2,53,24,109,125,56,16,0,4,56,56,0,89,.247,360,.348,.325,.673,4,17,.810,.190,10,29,0.75,0,90.00,2022,117,International League,Triple-A
2022,677954,Jordan Groshans,player,70,Jordan Groshans,Jordan,Groshans,Jordan,J Groshans,564,JAX,Jacksonville Jumbo Shrimp,Jumbo Shrimp,INT,117,3B,Third Base,SS,22,412,118,158,0,3,.316,18,2,6,55,1583,3.842,.131,.158,.007,.831,.068,4,0,66,684,146,291,11,19,101,13,0,56,25,98,96,44,15,0,3,65,54,0,94,.266,353,.364,.334,.698,0,3,1.000,.000,6,34,1.05,0,117.67,2022,117,International League,Triple-A
2022,691503,Yolbert Sanchez,player,70,Yolbert Sanchez,Yolbert,Sanchez,Yolbert,Y Sanchez,494,CLT,Charlotte Knights,Knights,INT,117,2B,Second Base,SS,25,479,151,191,1,3,.325,20,3,14,76,1680,3.507,.056,.148,.006,.380,.061,12,1,51,869,165,376,12,33,156,14,0,66,44,113,96,44,16,1,3,71,27,0,124,.280,443,.324,.341,.665,9,11,.550,.450,14,40,1.63,2,147.67,2022,117,International League,Triple-A
2022,592261,Delino DeShields,player,72,Delino DeShields,Delino,DeShields,Delino,D DeShields,431,GWN,Gwinnett Stripers,Stripers,INT,117,CF,Outfielder,CF,29,426,89,121,4,4,.326,13,4,4,46,1758,4.127,.181,.272,.002,.664,.045,3,1,50,689,206,229,15,13,77,10,1,27,36,109,78,61,12,0,1,116,77,0,74,.220,337,.367,.264,.631,11,35,.761,.239,4,26,0.99,0,337.00,2022,117,International League,Triple-A
